l10n by weblate (#1235)

Translate-URL: https://hosted.weblate.org/projects/aves/app-android/ar/
Translate-URL: https://hosted.weblate.org/projects/aves/app-android/id/
Translate-URL: https://hosted.weblate.org/projects/aves/app-android/lt/
Translate-URL: https://hosted.weblate.org/projects/aves/app-android/pt/
Translate-URL: https://hosted.weblate.org/projects/aves/app-android/sk/
Translate-URL: https://hosted.weblate.org/projects/aves/app-android/uk/
Translate-URL: https://hosted.weblate.org/projects/aves/app-android/vi/
Translate-URL: https://hosted.weblate.org/projects/aves/app-main/ar/
Translate-URL: https://hosted.weblate.org/projects/aves/app-main/es/
Translate-URL: https://hosted.weblate.org/projects/aves/app-main/id/
Translate-URL: https://hosted.weblate.org/projects/aves/app-main/ko/
Translate-URL: https://hosted.weblate.org/projects/aves/app-main/lt/
Translate-URL: https://hosted.weblate.org/projects/aves/app-main/nb_NO/
Translate-URL: https://hosted.weblate.org/projects/aves/app-main/nl/
Translate-URL: https://hosted.weblate.org/projects/aves/app-main/pl/
Translate-URL: https://hosted.weblate.org/projects/aves/app-main/pt/
Translate-URL: https://hosted.weblate.org/projects/aves/app-main/sk/
Translate-URL: https://hosted.weblate.org/projects/aves/app-main/sv/
Translate-URL: https://hosted.weblate.org/projects/aves/app-main/tr/
Translate-URL: https://hosted.weblate.org/projects/aves/app-main/uk/
Translate-URL: https://hosted.weblate.org/projects/aves/app-main/vi/
Translation: Aves/App - Android
Translation: Aves/App - Main

Co-authored-by: Ihor Hordiichuk <igor_ck@outlook.com>
Co-authored-by: João Palmeiro <joaommpalmeiro@gmail.com>
Co-authored-by: LE NHUT BINH <125377511+lenhutbinh@users.noreply.github.com>
Co-authored-by: Linerly <linerly@proton.me>
Co-authored-by: Milan Šalka <salka.milan@googlemail.com>
Co-authored-by: Mohamed Zeroug <mzeroug19@gmail.com>
Co-authored-by: Shift18 <bribable.lawyer@posteo.net>
Co-authored-by: Stephan Paternotte <stephan@paternottes.net>
Co-authored-by: Thibault Deckers <thibault.deckers@gmail.com>
Co-authored-by: gallegonovato <fran-carro@hotmail.es>
Co-authored-by: marciozomb13 <marciozomb13@outlook.com>
Co-authored-by: rehork <cooky@e.email>
Co-authored-by: splice11 <trenchedgrandpa@protonmail.com>