l10n by weblate (#794)

Translate-URL: https://hosted.weblate.org/projects/aves/app-android/bn/
Translate-URL: https://hosted.weblate.org/projects/aves/app-android/ckb/
Translate-URL: https://hosted.weblate.org/projects/aves/app-android/fi/
Translate-URL: https://hosted.weblate.org/projects/aves/app-android/my/
Translate-URL: https://hosted.weblate.org/projects/aves/app-android/pt/
Translate-URL: https://hosted.weblate.org/projects/aves/app-android/sk/
Translate-URL: https://hosted.weblate.org/projects/aves/app-android/vi/
Translate-URL: https://hosted.weblate.org/projects/aves/app-main/
Translate-URL: https://hosted.weblate.org/projects/aves/app-main/be/
Translate-URL: https://hosted.weblate.org/projects/aves/app-main/bn/
Translate-URL: https://hosted.weblate.org/projects/aves/app-main/ckb/
Translate-URL: https://hosted.weblate.org/projects/aves/app-main/cs/
Translate-URL: https://hosted.weblate.org/projects/aves/app-main/es/
Translate-URL: https://hosted.weblate.org/projects/aves/app-main/eu/
Translate-URL: https://hosted.weblate.org/projects/aves/app-main/fa/
Translate-URL: https://hosted.weblate.org/projects/aves/app-main/fi/
Translate-URL: https://hosted.weblate.org/projects/aves/app-main/fr/
Translate-URL: https://hosted.weblate.org/projects/aves/app-main/hu/
Translate-URL: https://hosted.weblate.org/projects/aves/app-main/id/
Translate-URL: https://hosted.weblate.org/projects/aves/app-main/it/
Translate-URL: https://hosted.weblate.org/projects/aves/app-main/ko/
Translate-URL: https://hosted.weblate.org/projects/aves/app-main/my/
Translate-URL: https://hosted.weblate.org/projects/aves/app-main/nb_NO/
Translate-URL: https://hosted.weblate.org/projects/aves/app-main/pl/
Translate-URL: https://hosted.weblate.org/projects/aves/app-main/pt/
Translate-URL: https://hosted.weblate.org/projects/aves/app-main/ru/
Translate-URL: https://hosted.weblate.org/projects/aves/app-main/sk/
Translate-URL: https://hosted.weblate.org/projects/aves/app-main/uk/
Translate-URL: https://hosted.weblate.org/projects/aves/app-main/vi/
Translate-URL: https://hosted.weblate.org/projects/aves/app-main/zh_Hans/
Translate-URL: https://hosted.weblate.org/projects/aves/app-main/zh_Hant/
Translate-URL: https://hosted.weblate.org/projects/aves/store-full-description/bn/
Translate-URL: https://hosted.weblate.org/projects/aves/store-full-description/my/
Translate-URL: https://hosted.weblate.org/projects/aves/store-full-description/vi/
Translate-URL: https://hosted.weblate.org/projects/aves/store-short-description/bn/
Translate-URL: https://hosted.weblate.org/projects/aves/store-short-description/fi/
Translate-URL: https://hosted.weblate.org/projects/aves/store-short-description/my/
Translate-URL: https://hosted.weblate.org/projects/aves/store-short-description/vi/
Translation: Aves/App - Android
Translation: Aves/App - Main
Translation: Aves/Store - Full description
Translation: Aves/Store - Short description

Co-authored-by: Aitor Salaberria <trslbrr@gmail.com>
Co-authored-by: Allan Nordhøy <epost@anotheragency.no>
Co-authored-by: Alvi Khan <aveenalvi@gmail.com>
Co-authored-by: Diviega Ayulsa <ayulsadiviega@gmail.com>
Co-authored-by: Fqwe1 <Fqwe1@users.noreply.hosted.weblate.org>
Co-authored-by: Htet Oo Hlaing <htetoh2006@outlook.com>
Co-authored-by: JY3 <GeeyunJY3@gmail.com>
Co-authored-by: Khant <khant@users.noreply.hosted.weblate.org>
Co-authored-by: Kryštof Černý <cleverline1mc@gmail.com>
Co-authored-by: Le Lan Anh <bebinh2202@gmail.com>
Co-authored-by: Linerly <linerly@protonmail.com>
Co-authored-by: Martin Frandel <martinko.fr@gmail.com>
Co-authored-by: Milan Šalka <salka.milan@googlemail.com>
Co-authored-by: Rasti K5 <rasti.khdhr@gmail.com>
Co-authored-by: Reza Almanda <rezaalmanda27@gmail.com>
Co-authored-by: Skrripy <Skrripy@users.noreply.hosted.weblate.org>
Co-authored-by: Skrripy <rozihrash.ya6w7@simplelogin.com>
Co-authored-by: Thibault Deckers <thibault.deckers@gmail.com>
Co-authored-by: gallegonovato <fran-carro@hotmail.es>
Co-authored-by: glemco <glemco@posteo.net>
Co-authored-by: marciozomb13 <marciozomb13@outlook.com>
Co-authored-by: mimvahedi <vahedi0vahedi@gmail.com>
Co-authored-by: ngocanhtve <ngocanh.tve@gmail.com>
Co-authored-by: rehork <cooky@e.email>
Co-authored-by: vesp <vesp@post.cz>
Co-authored-by: wickdj <wickdj@gmail.com>
Co-authored-by: yangyangdaji <1504305527@qq.com>
Co-authored-by: Åzze <laitinen.jere222@gmail.com>
Co-authored-by: Макар Разин <makarrazin14@gmail.com>