l10n by weblate (#481)

Co-authored-by: Hosted Weblate <hosted@weblate.org>
Co-authored-by: Igor Sorocean <sorocean.igor@gmail.com>
Co-authored-by: Linerly <linerly@protonmail.com>
Co-authored-by: MeFinity <me227527@gmail.com>
Co-authored-by: Oğuz Ersen <oguz@ersen.moe>
Co-authored-by: Salih Ail <rrrfff444@gmail.com>
Co-authored-by: Skrripy <rozihrash.ya6w7@simplelogin.com>
Co-authored-by: Thibault Deckers <thibault.deckers@gmail.com>
Co-authored-by: Tijolinho <pedrohenrique29.alfenas@gmail.com>
Co-authored-by: gallegonovato <fran-carro@hotmail.es>
Co-authored-by: rehork <cooky@e.email>
Co-authored-by: slasb37 <p84haghi@gmail.com>
Co-authored-by: tryvseu <tryvseu@tuta.io>
Translate-URL: https://hosted.weblate.org/projects/aves/app-main/ar/
Translate-URL: https://hosted.weblate.org/projects/aves/app-main/es/
Translate-URL: https://hosted.weblate.org/projects/aves/app-main/fa/
Translate-URL: https://hosted.weblate.org/projects/aves/app-main/fr/
Translate-URL: https://hosted.weblate.org/projects/aves/app-main/id/
Translate-URL: https://hosted.weblate.org/projects/aves/app-main/ko/
Translate-URL: https://hosted.weblate.org/projects/aves/app-main/nn/
Translate-URL: https://hosted.weblate.org/projects/aves/app-main/pl/
Translate-URL: https://hosted.weblate.org/projects/aves/app-main/pt/
Translate-URL: https://hosted.weblate.org/projects/aves/app-main/ro/
Translate-URL: https://hosted.weblate.org/projects/aves/app-main/tr/
Translate-URL: https://hosted.weblate.org/projects/aves/app-main/uk/
Translate-URL: https://hosted.weblate.org/projects/aves/store-full-description/id/
Translation: Aves/App - Main
Translation: Aves/Store - Full description

Co-authored-by: Igor Sorocean <sorocean.igor@gmail.com>
Co-authored-by: Linerly <linerly@protonmail.com>
Co-authored-by: MeFinity <me227527@gmail.com>
Co-authored-by: Oğuz Ersen <oguz@ersen.moe>
Co-authored-by: Salih Ail <rrrfff444@gmail.com>
Co-authored-by: Skrripy <rozihrash.ya6w7@simplelogin.com>
Co-authored-by: Thibault Deckers <thibault.deckers@gmail.com>
Co-authored-by: Tijolinho <pedrohenrique29.alfenas@gmail.com>
Co-authored-by: gallegonovato <fran-carro@hotmail.es>
Co-authored-by: rehork <cooky@e.email>
Co-authored-by: slasb37 <p84haghi@gmail.com>
Co-authored-by: tryvseu <tryvseu@tuta.io>